id_venta,fecha,id_cliente,nombre_cliente,email,medio_pago,id_producto,nombre_producto,cantidad,precio_unitario,importe,nombre_cliente_cliente,email_cliente,ciudad,fecha_alta
1,2024-06-19,62,Guadalupe Romero,guadalupe.romero@mail.com,tarjeta,90,Toallas Húmedas x50,1,2902,2902,Guadalupe Romero,guadalupe.romero@mail.com,Carlos Paz,2023-03-03
2,2024-03-17,49,Olivia Gomez,olivia.gomez@mail.com,qr,82,Aceitunas Negras 200g,5,2394,11970,Olivia Gomez,olivia.gomez@mail.com,Rio Cuarto,2023-02-18
2,2024-03-17,49,Olivia Gomez,olivia.gomez@mail.com,qr,39,Helado Vainilla 1L,5,469,2345,Olivia Gomez,olivia.gomez@mail.com,Rio Cuarto,2023-02-18
2,2024-03-17,49,Olivia Gomez,olivia.gomez@mail.com,qr,70,Fernet 750ml,2,4061,8122,Olivia Gomez,olivia.gomez@mail.com,Rio Cuarto,2023-02-18
2,2024-03-17,49,Olivia Gomez,olivia.gomez@mail.com,qr,22,Medialunas de Manteca,1,2069,2069,Olivia Gomez,olivia.gomez@mail.com,Rio Cuarto,2023-02-18
2,2024-03-17,49,Olivia Gomez,olivia.gomez@mail.com,qr,79,Hamburguesas Congeladas x4,4,2420,9680,Olivia Gomez,olivia.gomez@mail.com,Rio Cuarto,2023-02-18
3,2024-01-13,20,Tomas Acosta,tomas.acosta@mail.com,tarjeta,9,Yerba Mate Suave 1kg,2,3878,7756,Tomas Acosta,tomas.acosta@mail.com,Rio Cuarto,2023-01-20
3,2024-01-13,20,Tomas Acosta,tomas.acosta@mail.com,tarjeta,2,Pepsi 1.5L,2,4973,9946,Tomas Acosta,tomas.acosta@mail.com,Rio Cuarto,2023-01-20
3,2024-01-13,20,Tomas Acosta,tomas.acosta@mail.com,tarjeta,85,Jugo en Polvo Naranja,1,1856,1856,Tomas Acosta,tomas.acosta@mail.com,Rio Cuarto,2023-01-20
4,2024-02-27,36,Martina Molina,martina.molina@mail.com,transferencia,4,Fanta Naranja 1.5L,2,2033,4066,Martina Molina,martina.molina@mail.com,Mendiolaza,2023-02-05
4,2024-02-27,36,Martina Molina,martina.molina@mail.com,transferencia,23,Bizcochos Salados,5,2380,11900,Martina Molina,martina.molina@mail.com,Mendiolaza,2023-02-05
5,2024-06-11,56,Bruno Diaz,bruno.diaz@mail.com,tarjeta,86,Jugo en Polvo Limón,4,4090,16360,Bruno Diaz,bruno.diaz@mail.com,Rio Cuarto,2023-02-25
6,2024-05-05,91,Uma Sanchez,uma.sanchez@mail.com,transferencia,25,Galletitas Vainilla,2,4015,8030,Uma Sanchez,uma.sanchez@mail.com,Mendiolaza,2023-04-01
6,2024-05-05,91,Uma Sanchez,uma.sanchez@mail.com,transferencia,31,Mix de Frutos Secos 200g,3,3409,10227,Uma Sanchez,uma.sanchez@mail.com,Mendiolaza,2023-04-01
6,2024-05-05,91,Uma Sanchez,uma.sanchez@mail.com,transferencia,83,Queso Untable 190g,1,1830,1830,Uma Sanchez,uma.sanchez@mail.com,Mendiolaza,2023-04-01
6,2024-05-05,91,Uma Sanchez,uma.sanchez@mail.com,transferencia,59,Chicle Menta,4,3612,14448,Uma Sanchez,uma.sanchez@mail.com,Mendiolaza,2023-04-01
7,2024-05-06,92,Mariana Rodriguez,mariana.rodriguez@mail.com,efectivo,63,Granola 250g,3,4337,13011,Mariana Rodriguez,mariana.rodriguez@mail.com,Alta Gracia,2023-04-02
8,2024-01-06,66,Tomas Herrera,tomas.herrera@mail.com,transferencia,53,Lavandina 1L,5,1664,8320,Tomas Herrera,tomas.herrera@mail.com,Villa Maria,2023-03-07
8,2024-01-06,66,Tomas Herrera,tomas.herrera@mail.com,transferencia,18,Queso Rallado 150g,4,3444,13776,Tomas Herrera,tomas.herrera@mail.com,Villa Maria,2023-03-07
8,2024-01-06,66,Tomas Herrera,tomas.herrera@mail.com,transferencia,68,Vino Blanco 750ml,5,2684,13420,Tomas Herrera,tomas.herrera@mail.com,Villa Maria,2023-03-07
9,2024-01-20,86,Diego Torres,diego.torres@mail.com,efectivo,65,Cerveza Rubia 1L,4,2423,9692,Diego Torres,diego.torres@mail.com,Cordoba,2023-03-27
10,2024-05-28,52,Diego Diaz,diego.diaz@mail.com,qr,36,Dulce de Leche 400g,2,2559,5118,Diego Diaz,diego.diaz@mail.com,Rio Cuarto,2023-02-21
10,2024-05-28,52,Diego Diaz,diego.diaz@mail.com,qr,100,Trapo de Piso,4,4854,19416,Diego Diaz,diego.diaz@mail.com,Rio Cuarto,2023-02-21
10,2024-05-28,52,Diego Diaz,diego.diaz@mail.com,qr,37,Mermelada de Durazno 400g,3,3196,9588,Diego Diaz,diego.diaz@mail.com,Rio Cuarto,2023-02-21
10,2024-05-28,52,Diego Diaz,diego.diaz@mail.com,qr,62,Stevia 100 sobres,1,3848,3848,Diego Diaz,diego.diaz@mail.com,Rio Cuarto,2023-02-21
11,2024-04-10,20,Tomas Acosta,tomas.acosta@mail.com,qr,13,Té Verde 20 saquitos,1,2383,2383,Tomas Acosta,tomas.acosta@mail.com,Rio Cuarto,2023-01-20
11,2024-04-10,20,Tomas Acosta,tomas.acosta@mail.com,qr,65,Cerveza Rubia 1L,2,2423,4846,Tomas Acosta,tomas.acosta@mail.com,Rio Cuarto,2023-01-20
11,2024-04-10,20,Tomas Acosta,tomas.acosta@mail.com,qr,28,Papas Fritas Clásicas 100g,1,936,936,Tomas Acosta,tomas.acosta@mail.com,Rio Cuarto,2023-01-20
12,2024-06-28,96,Rocio Gonzalez,rocio.gonzalez@mail.com,efectivo,72,Ron 700ml,2,3876,7752,Rocio Gonzalez,rocio.gonzalez@mail.com,Cordoba,2023-04-06
12,2024-06-28,96,Rocio Gonzalez,rocio.gonzalez@mail.com,efectivo,50,Azúcar 1kg,2,727,1454,Rocio Gonzalez,rocio.gonzalez@mail.com,Cordoba,2023-04-06
12,2024-06-28,96,Rocio Gonzalez,rocio.gonzalez@mail.com,efectivo,56,Papel Higiénico x4,3,2532,7596,Rocio Gonzalez,rocio.gonzalez@mail.com,Cordoba,2023-04-06
12,2024-06-28,96,Rocio Gonzalez,rocio.gonzalez@mail.com,efectivo,87,Sopa Instantánea Pollo,3,1679,5037,Rocio Gonzalez,rocio.gonzalez@mail.com,Cordoba,2023-04-06
12,2024-06-28,96,Rocio Gonzalez,rocio.gonzalez@mail.com,efectivo,38,Mermelada de Frutilla 400g,4,1584,6336,Rocio Gonzalez,rocio.gonzalez@mail.com,Cordoba,2023-04-06
13,2024-01-24,6,Uma Medina,uma.medina@mail.com,tarjeta,87,Sopa Instantánea Pollo,1,1679,1679,Uma Medina,uma.medina@mail.com,Villa Maria,2023-01-06
13,2024-01-24,6,Uma Medina,uma.medina@mail.com,tarjeta,81,Aceitunas Verdes 200g,3,2520,7560,Uma Medina,uma.medina@mail.com,Villa Maria,2023-01-06
13,2024-01-24,6,Uma Medina,uma.medina@mail.com,tarjeta,13,Té Verde 20 saquitos,1,2383,2383,Uma Medina,uma.medina@mail.com,Villa Maria,2023-01-06
14,2024-04-18,67,Ivana Romero,ivana.romero@mail.com,qr,36,Dulce de Leche 400g,4,2559,10236,Ivana Romero,ivana.romero@mail.com,Alta Gracia,2023-03-08
14,2024-04-18,67,Ivana Romero,ivana.romero@mail.com,qr,72,Ron 700ml,5,3876,19380,Ivana Romero,ivana.romero@mail.com,Alta Gracia,2023-03-08
14,2024-04-18,67,Ivana Romero,ivana.romero@mail.com,qr,38,Mermelada de Frutilla 400g,3,1584,4752,Ivana Romero,ivana.romero@mail.com,Alta Gracia,2023-03-08
14,2024-04-18,67,Ivana Romero,ivana.romero@mail.com,qr,97,Limpiavidrios 500ml,1,872,872,Ivana Romero,ivana.romero@mail.com,Alta Gracia,2023-03-08
15,2024-06-27,56,Bruno Diaz,bruno.diaz@mail.com,transferencia,37,Mermelada de Durazno 400g,3,3196,9588,Bruno Diaz,bruno.diaz@mail.com,Rio Cuarto,2023-02-25
16,2024-04-12,2,Nicolas Rojas,nicolas.rojas@mail.com,efectivo,35,Barrita de Cereal 30g,5,4430,22150,Nicolas Rojas,nicolas.rojas@mail.com,Carlos Paz,2023-01-02
17,2024-02-17,88,Felipe Castro,felipe.castro@mail.com,efectivo,81,Aceitunas Verdes 200g,5,2520,12600,Felipe Castro,felipe.castro@mail.com,Villa Maria,2023-03-29
17,2024-02-17,88,Felipe Castro,felipe.castro@mail.com,efectivo,46,Lentejas Secas 500g,5,3036,15180,Felipe Castro,felipe.castro@mail.com,Villa Maria,2023-03-29
17,2024-02-17,88,Felipe Castro,felipe.castro@mail.com,efectivo,74,Whisky 750ml,3,2953,8859,Felipe Castro,felipe.castro@mail.com,Villa Maria,2023-03-29
18,2024-06-11,81,Camila Ruiz,camila.ruiz@mail.com,qr,33,Chocolate con Leche 100g,2,1255,2510,Camila Ruiz,camila.ruiz@mail.com,Carlos Paz,2023-03-22
18,2024-06-11,81,Camila Ruiz,camila.ruiz@mail.com,qr,4,Fanta Naranja 1.5L,5,2033,10165,Camila Ruiz,camila.ruiz@mail.com,Carlos Paz,2023-03-22
18,2024-06-11,81,Camila Ruiz,camila.ruiz@mail.com,qr,24,Galletitas Chocolate,2,1305,2610,Camila Ruiz,camila.ruiz@mail.com,Carlos Paz,2023-03-22
18,2024-06-11,81,Camila Ruiz,camila.ruiz@mail.com,qr,15,Leche Descremada 1L,3,2538,7614,Camila Ruiz,camila.ruiz@mail.com,Carlos Paz,2023-03-22
18,2024-06-11,81,Camila Ruiz,camila.ruiz@mail.com,qr,22,Medialunas de Manteca,5,2069,10345,Camila Ruiz,camila.ruiz@mail.com,Carlos Paz,2023-03-22
19,2024-06-11,80,Gael Ruiz,gael.ruiz@mail.com,efectivo,38,Mermelada de Frutilla 400g,2,1584,3168,Gael Ruiz,gael.ruiz@mail.com,Mendiolaza,2023-03-21
19,2024-06-11,80,Gael Ruiz,gael.ruiz@mail.com,efectivo,98,Desengrasante 500ml,3,2843,8529,Gael Ruiz,gael.ruiz@mail.com,Mendiolaza,2023-03-21
19,2024-06-11,80,Gael Ruiz,gael.ruiz@mail.com,efectivo,63,Granola 250g,3,4337,13011,Gael Ruiz,gael.ruiz@mail.com,Mendiolaza,2023-03-21
20,2024-01-13,75,Santiago Castro,santiago.castro@mail.com,tarjeta,32,Chocolate Amargo 100g,3,2234,6702,Santiago Castro,santiago.castro@mail.com,Rio Cuarto,2023-03-16
21,2024-06-19,10,Karina Acosta,karina.acosta@mail.com,transferencia,76,Pizza Congelada Muzzarella,5,4286,21430,Karina Acosta,karina.acosta@mail.com,Cordoba,2023-01-10
21,2024-06-19,10,Karina Acosta,karina.acosta@mail.com,transferencia,35,Barrita de Cereal 30g,1,4430,4430,Karina Acosta,karina.acosta@mail.com,Cordoba,2023-01-10
22,2024-05-08,64,Julian Alvarez,julian.alvarez@mail.com,transferencia,9,Yerba Mate Suave 1kg,2,3878,7756,Julian Alvarez,julian.alvarez@mail.com,Villa Maria,2023-03-05
22,2024-05-08,64,Julian Alvarez,julian.alvarez@mail.com,transferencia,28,Papas Fritas Clásicas 100g,3,936,2808,Julian Alvarez,julian.alvarez@mail.com,Villa Maria,2023-03-05
22,2024-05-08,64,Julian Alvarez,julian.alvarez@mail.com,transferencia,24,Galletitas Chocolate,4,1305,5220,Julian Alvarez,julian.alvarez@mail.com,Villa Maria,2023-03-05
23,2024-05-16,78,Emilia Alvarez,emilia.alvarez@mail.com,transferencia,64,Avena Instantánea 250g,4,3953,15812,Emilia Alvarez,emilia.alvarez@mail.com,Villa Maria,2023-03-19
23,2024-05-16,78,Emilia Alvarez,emilia.alvarez@mail.com,transferencia,83,Queso Untable 190g,4,1830,7320,Emilia Alvarez,emilia.alvarez@mail.com,Villa Maria,2023-03-19
24,2024-06-14,55,Olivia Ruiz,olivia.ruiz@mail.com,tarjeta,91,Desodorante Aerosol,2,4690,9380,Olivia Ruiz,olivia.ruiz@mail.com,Mendiolaza,2023-02-24
24,2024-06-14,55,Olivia Ruiz,olivia.ruiz@mail.com,tarjeta,40,Helado Chocolate 1L,5,1215,6075,Olivia Ruiz,olivia.ruiz@mail.com,Mendiolaza,2023-02-24
25,2024-04-30,13,Ivana Sanchez,ivana.sanchez@mail.com,transferencia,55,Shampoo 400ml,1,1407,1407,Ivana Sanchez,ivana.sanchez@mail.com,Carlos Paz,2023-01-13
25,2024-04-30,13,Ivana Sanchez,ivana.sanchez@mail.com,transferencia,95,Mascarilla Capilar,5,1581,7905,Ivana Sanchez,ivana.sanchez@mail.com,Carlos Paz,2023-01-13
25,2024-04-30,13,Ivana Sanchez,ivana.sanchez@mail.com,transferencia,72,Ron 700ml,1,3876,3876,Ivana Sanchez,ivana.sanchez@mail.com,Carlos Paz,2023-01-13
26,2024-01-23,49,Olivia Gomez,olivia.gomez@mail.com,efectivo,79,Hamburguesas Congeladas x4,2,2420,4840,Olivia Gomez,olivia.gomez@mail.com,Rio Cuarto,2023-02-18
26,2024-01-23,49,Olivia Gomez,olivia.gomez@mail.com,efectivo,86,Jugo en Polvo Limón,1,4090,4090,Olivia Gomez,olivia.gomez@mail.com,Rio Cuarto,2023-02-18
27,2024-02-25,9,Yamila Molina,yamila.molina@mail.com,transferencia,7,Jugo de Manzana 1L,4,3269,13076,Yamila Molina,yamila.molina@mail.com,Carlos Paz,2023-01-09
27,2024-02-25,9,Yamila Molina,yamila.molina@mail.com,transferencia,78,Verduras Congeladas Mix,4,4289,17156,Yamila Molina,yamila.molina@mail.com,Carlos Paz,2023-01-09
28,2024-05-20,52,Diego Diaz,diego.diaz@mail.com,qr,74,Whisky 750ml,1,2953,2953,Diego Diaz,diego.diaz@mail.com,Rio Cuarto,2023-02-21
28,2024-05-20,52,Diego Diaz,diego.diaz@mail.com,qr,91,Desodorante Aerosol,2,4690,9380,Diego Diaz,diego.diaz@mail.com,Rio Cuarto,2023-02-21
28,2024-05-20,52,Diego Diaz,diego.diaz@mail.com,qr,72,Ron 700ml,1,3876,3876,Diego Diaz,diego.diaz@mail.com,Rio Cuarto,2023-02-21
28,2024-05-20,52,Diego Diaz,diego.diaz@mail.com,qr,18,Queso Rallado 150g,2,3444,6888,Diego Diaz,diego.diaz@mail.com,Rio Cuarto,2023-02-21
28,2024-05-20,52,Diego Diaz,diego.diaz@mail.com,qr,27,Alfajor Simple,5,2502,12510,Diego Diaz,diego.diaz@mail.com,Rio Cuarto,2023-02-21
29,2024-02-20,49,Olivia Gomez,olivia.gomez@mail.com,qr,58,Caramelos Masticables,1,4752,4752,Olivia Gomez,olivia.gomez@mail.com,Rio Cuarto,2023-02-18
29,2024-02-20,49,Olivia Gomez,olivia.gomez@mail.com,qr,36,Dulce de Leche 400g,2,2559,5118,Olivia Gomez,olivia.gomez@mail.com,Rio Cuarto,2023-02-18
29,2024-02-20,49,Olivia Gomez,olivia.gomez@mail.com,qr,71,Vodka 700ml,4,508,2032,Olivia Gomez,olivia.gomez@mail.com,Rio Cuarto,2023-02-18
29,2024-02-20,49,Olivia Gomez,olivia.gomez@mail.com,qr,27,Alfajor Simple,2,2502,5004,Olivia Gomez,olivia.gomez@mail.com,Rio Cuarto,2023-02-18
29,2024-02-20,49,Olivia Gomez,olivia.gomez@mail.com,qr,66,Cerveza Negra 1L,1,1533,1533,Olivia Gomez,olivia.gomez@mail.com,Rio Cuarto,2023-02-18
30,2024-03-03,93,Gael Rojas,gael.rojas@mail.com,efectivo,49,Harina de Trigo 1kg,4,2512,10048,Gael Rojas,gael.rojas@mail.com,Alta Gracia,2023-04-03
30,2024-03-03,93,Gael Rojas,gael.rojas@mail.com,efectivo,78,Verduras Congeladas Mix,3,4289,12867,Gael Rojas,gael.rojas@mail.com,Alta Gracia,2023-04-03
30,2024-03-03,93,Gael Rojas,gael.rojas@mail.com,efectivo,82,Aceitunas Negras 200g,4,2394,9576,Gael Rojas,gael.rojas@mail.com,Alta Gracia,2023-04-03
30,2024-03-03,93,Gael Rojas,gael.rojas@mail.com,efectivo,7,Jugo de Manzana 1L,1,3269,3269,Gael Rojas,gael.rojas@mail.com,Alta Gracia,2023-04-03
31,2024-05-22,19,Uma Silva,uma.silva@mail.com,tarjeta,92,Crema Dental 90g,4,2512,10048,Uma Silva,uma.silva@mail.com,Mendiolaza,2023-01-19
31,2024-05-22,19,Uma Silva,uma.silva@mail.com,tarjeta,90,Toallas Húmedas x50,3,2902,8706,Uma Silva,uma.silva@mail.com,Mendiolaza,2023-01-19
31,2024-05-22,19,Uma Silva,uma.silva@mail.com,tarjeta,84,Queso Azul 150g,5,1645,8225,Uma Silva,uma.silva@mail.com,Mendiolaza,2023-01-19
32,2024-01-30,31,Felipe Ruiz,felipe.ruiz@mail.com,efectivo,72,Ron 700ml,5,3876,19380,Felipe Ruiz,felipe.ruiz@mail.com,Villa Maria,2023-01-31
32,2024-01-30,31,Felipe Ruiz,felipe.ruiz@mail.com,efectivo,53,Lavandina 1L,4,1664,6656,Felipe Ruiz,felipe.ruiz@mail.com,Villa Maria,2023-01-31
32,2024-01-30,31,Felipe Ruiz,felipe.ruiz@mail.com,efectivo,17,Queso Cremoso 500g,3,4834,14502,Felipe Ruiz,felipe.ruiz@mail.com,Villa Maria,2023-01-31
32,2024-01-30,31,Felipe Ruiz,felipe.ruiz@mail.com,efectivo,35,Barrita de Cereal 30g,3,4430,13290,Felipe Ruiz,felipe.ruiz@mail.com,Villa Maria,2023-01-31
33,2024-02-13,6,Uma Medina,uma.medina@mail.com,efectivo,47,Garbanzos 500g,2,2939,5878,Uma Medina,uma.medina@mail.com,Villa Maria,2023-01-06
33,2024-02-13,6,Uma Medina,uma.medina@mail.com,efectivo,76,Pizza Congelada Muzzarella,4,4286,17144,Uma Medina,uma.medina@mail.com,Villa Maria,2023-01-06
33,2024-02-13,6,Uma Medina,uma.medina@mail.com,efectivo,100,Trapo de Piso,1,4854,4854,Uma Medina,uma.medina@mail.com,Villa Maria,2023-01-06
33,2024-02-13,6,Uma Medina,uma.medina@mail.com,efectivo,91,Desodorante Aerosol,2,4690,9380,Uma Medina,uma.medina@mail.com,Villa Maria,2023-01-06
34,2024-01-13,58,Karina Acosta,karina.acosta2@mail.com,transferencia,10,Yerba Mate Intensa 1kg,1,4883,4883,Karina Acosta,karina.acosta2@mail.com,Rio Cuarto,2023-02-27
34,2024-01-13,58,Karina Acosta,karina.acosta2@mail.com,transferencia,32,Chocolate Amargo 100g,5,2234,11170,Karina Acosta,karina.acosta2@mail.com,Rio Cuarto,2023-02-27
35,2024-05-30,61,Guadalupe Martinez,guadalupe.martinez@mail.com,efectivo,93,Cepillo de Dientes,3,2142,6426,Guadalupe Martinez,guadalupe.martinez@mail.com,Rio Cuarto,2023-03-02
35,2024-05-30,61,Guadalupe Martinez,guadalupe.martinez@mail.com,efectivo,80,Helado de Frutilla 1L,2,1981,3962,Guadalupe Martinez,guadalupe.martinez@mail.com,Rio Cuarto,2023-03-02
35,2024-05-30,61,Guadalupe Martinez,guadalupe.martinez@mail.com,efectivo,88,Caldo Concentrado Carne,5,2570,12850,Guadalupe Martinez,guadalupe.martinez@mail.com,Rio Cuarto,2023-03-02
36,2024-06-25,5,Agustina Flores,agustina.flores@mail.com,tarjeta,50,Azúcar 1kg,4,727,2908,Agustina Flores,agustina.flores@mail.com,Cordoba,2023-01-05
36,2024-06-25,5,Agustina Flores,agustina.flores@mail.com,tarjeta,48,Porotos Negros 500g,2,4462,8924,Agustina Flores,agustina.flores@mail.com,Cordoba,2023-01-05
37,2024-05-17,57,Julian Acosta,julian.acosta@mail.com,qr,18,Queso Rallado 150g,3,3444,10332,Julian Acosta,julian.acosta@mail.com,Rio Cuarto,2023-02-26
38,2024-05-29,56,Bruno Diaz,bruno.diaz@mail.com,tarjeta,62,Stevia 100 sobres,5,3848,19240,Bruno Diaz,bruno.diaz@mail.com,Rio Cuarto,2023-02-25
38,2024-05-29,56,Bruno Diaz,bruno.diaz@mail.com,tarjeta,14,Leche Entera 1L,3,1723,5169,Bruno Diaz,bruno.diaz@mail.com,Rio Cuarto,2023-02-25
38,2024-05-29,56,Bruno Diaz,bruno.diaz@mail.com,tarjeta,65,Cerveza Rubia 1L,5,2423,12115,Bruno Diaz,bruno.diaz@mail.com,Rio Cuarto,2023-02-25
38,2024-05-29,56,Bruno Diaz,bruno.diaz@mail.com,tarjeta,5,Agua Mineral 500ml,3,4777,14331,Bruno Diaz,bruno.diaz@mail.com,Rio Cuarto,2023-02-25
39,2024-03-05,5,Agustina Flores,agustina.flores@mail.com,efectivo,44,Arroz Largo Fino 1kg,4,2979,11916,Agustina Flores,agustina.flores@mail.com,Cordoba,2023-01-05
39,2024-03-05,5,Agustina Flores,agustina.flores@mail.com,efectivo,22,Medialunas de Manteca,2,2069,4138,Agustina Flores,agustina.flores@mail.com,Cordoba,2023-01-05
39,2024-03-05,5,Agustina Flores,agustina.flores@mail.com,efectivo,58,Caramelos Masticables,4,4752,19008,Agustina Flores,agustina.flores@mail.com,Cordoba,2023-01-05
39,2024-03-05,5,Agustina Flores,agustina.flores@mail.com,efectivo,81,Aceitunas Verdes 200g,4,2520,10080,Agustina Flores,agustina.flores@mail.com,Cordoba,2023-01-05
40,2024-05-13,15,Tomas Ruiz,tomas.ruiz@mail.com,efectivo,44,Arroz Largo Fino 1kg,2,2979,5958,Tomas Ruiz,tomas.ruiz@mail.com,Cordoba,2023-01-15
41,2024-03-08,29,Diego Fernandez,diego.fernandez@mail.com,tarjeta,51,Sal Fina 500g,1,1745,1745,Diego Fernandez,diego.fernandez@mail.com,Alta Gracia,2023-01-29
41,2024-03-08,29,Diego Fernandez,diego.fernandez@mail.com,tarjeta,15,Leche Descremada 1L,1,2538,2538,Diego Fernandez,diego.fernandez@mail.com,Alta Gracia,2023-01-29
42,2024-04-18,12,Gael Gomez,gael.gomez@mail.com,tarjeta,47,Garbanzos 500g,3,2939,8817,Gael Gomez,gael.gomez@mail.com,Alta Gracia,2023-01-12
42,2024-04-18,12,Gael Gomez,gael.gomez@mail.com,tarjeta,29,Papas Fritas Onduladas 100g,1,1868,1868,Gael Gomez,gael.gomez@mail.com,Alta Gracia,2023-01-12
42,2024-04-18,12,Gael Gomez,gael.gomez@mail.com,tarjeta,73,Gin 700ml,3,1561,4683,Gael Gomez,gael.gomez@mail.com,Alta Gracia,2023-01-12
43,2024-02-18,23,Helena Fernandez,helena.fernandez@mail.com,efectivo,1,Coca Cola 1.5L,5,2347,11735,Helena Fernandez,helena.fernandez@mail.com,Rio Cuarto,2023-01-23
43,2024-02-18,23,Helena Fernandez,helena.fernandez@mail.com,efectivo,49,Harina de Trigo 1kg,2,2512,5024,Helena Fernandez,helena.fernandez@mail.com,Rio Cuarto,2023-01-23
43,2024-02-18,23,Helena Fernandez,helena.fernandez@mail.com,efectivo,66,Cerveza Negra 1L,2,1533,3066,Helena Fernandez,helena.fernandez@mail.com,Rio Cuarto,2023-01-23
44,2024-02-21,21,Elena Rodriguez,elena.rodriguez@mail.com,efectivo,48,Porotos Negros 500g,1,4462,4462,Elena Rodriguez,elena.rodriguez@mail.com,Alta Gracia,2023-01-21
44,2024-02-21,21,Elena Rodriguez,elena.rodriguez@mail.com,efectivo,47,Garbanzos 500g,2,2939,5878,Elena Rodriguez,elena.rodriguez@mail.com,Alta Gracia,2023-01-21
44,2024-02-21,21,Elena Rodriguez,elena.rodriguez@mail.com,efectivo,100,Trapo de Piso,2,4854,9708,Elena Rodriguez,elena.rodriguez@mail.com,Alta Gracia,2023-01-21
45,2024-01-19,15,Tomas Ruiz,tomas.ruiz@mail.com,efectivo,12,Té Negro 20 saquitos,2,570,1140,Tomas Ruiz,tomas.ruiz@mail.com,Cordoba,2023-01-15
45,2024-01-19,15,Tomas Ruiz,tomas.ruiz@mail.com,efectivo,18,Queso Rallado 150g,2,3444,6888,Tomas Ruiz,tomas.ruiz@mail.com,Cordoba,2023-01-15
45,2024-01-19,15,Tomas Ruiz,tomas.ruiz@mail.com,efectivo,87,Sopa Instantánea Pollo,4,1679,6716,Tomas Ruiz,tomas.ruiz@mail.com,Cordoba,2023-01-15
45,2024-01-19,15,Tomas Ruiz,tomas.ruiz@mail.com,efectivo,98,Desengrasante 500ml,1,2843,2843,Tomas Ruiz,tomas.ruiz@mail.com,Cordoba,2023-01-15
45,2024-01-19,15,Tomas Ruiz,tomas.ruiz@mail.com,efectivo,52,Detergente Líquido 750ml,2,2582,5164,Tomas Ruiz,tomas.ruiz@mail.com,Cordoba,2023-01-15
46,2024-03-25,46,Agustina Martinez,agustina.martinez@mail.com,tarjeta,21,Pan Lactal Integral,1,272,272,Agustina Martinez,agustina.martinez@mail.com,Alta Gracia,2023-02-15
47,2024-05-04,52,Diego Diaz,diego.diaz@mail.com,transferencia,43,Salsa de Tomate 500g,5,887,4435,Diego Diaz,diego.diaz@mail.com,Rio Cuarto,2023-02-21
47,2024-05-04,52,Diego Diaz,diego.diaz@mail.com,transferencia,6,Jugo de Naranja 1L,3,4170,12510,Diego Diaz,diego.diaz@mail.com,Rio Cuarto,2023-02-21
48,2024-01-26,84,Pablo Sanchez,pablo.sanchez@mail.com,qr,70,Fernet 750ml,1,4061,4061,Pablo Sanchez,pablo.sanchez@mail.com,Cordoba,2023-03-25
48,2024-01-26,84,Pablo Sanchez,pablo.sanchez@mail.com,qr,54,Jabón de Tocador,5,1592,7960,Pablo Sanchez,pablo.sanchez@mail.com,Cordoba,2023-03-25
48,2024-01-26,84,Pablo Sanchez,pablo.sanchez@mail.com,qr,57,Servilletas x100,4,4520,18080,Pablo Sanchez,pablo.sanchez@mail.com,Cordoba,2023-03-25
49,2024-06-02,5,Agustina Flores,agustina.flores@mail.com,efectivo,59,Chicle Menta,2,3612,7224,Agustina Flores,agustina.flores@mail.com,Cordoba,2023-01-05
49,2024-06-02,5,Agustina Flores,agustina.flores@mail.com,efectivo,21,Pan Lactal Integral,4,272,1088,Agustina Flores,agustina.flores@mail.com,Cordoba,2023-01-05
49,2024-06-02,5,Agustina Flores,agustina.flores@mail.com,efectivo,59,Chicle Menta,4,3612,14448,Agustina Flores,agustina.flores@mail.com,Cordoba,2023-01-05
49,2024-06-02,5,Agustina Flores,agustina.flores@mail.com,efectivo,18,Queso Rallado 150g,3,3444,10332,Agustina Flores,agustina.flores@mail.com,Cordoba,2023-01-05
49,2024-06-02,5,Agustina Flores,agustina.flores@mail.com,efectivo,85,Jugo en Polvo Naranja,3,1856,5568,Agustina Flores,agustina.flores@mail.com,Cordoba,2023-01-05
50,2024-01-09,8,Bruno Castro,bruno.castro@mail.com,transferencia,10,Yerba Mate Intensa 1kg,2,4883,9766,Bruno Castro,bruno.castro@mail.com,Carlos Paz,2023-01-08
50,2024-01-09,8,Bruno Castro,bruno.castro@mail.com,transferencia,34,Turrón 50g,5,503,2515,Bruno Castro,bruno.castro@mail.com,Carlos Paz,2023-01-08
50,2024-01-09,8,Bruno Castro,bruno.castro@mail.com,transferencia,58,Caramelos Masticables,5,4752,23760,Bruno Castro,bruno.castro@mail.com,Carlos Paz,2023-01-08
50,2024-01-09,8,Bruno Castro,bruno.castro@mail.com,transferencia,32,Chocolate Amargo 100g,3,2234,6702,Bruno Castro,bruno.castro@mail.com,Carlos Paz,2023-01-08
50,2024-01-09,8,Bruno Castro,bruno.castro@mail.com,transferencia,91,Desodorante Aerosol,4,4690,18760,Bruno Castro,bruno.castro@mail.com,Carlos Paz,2023-01-08
51,2024-02-18,39,Santiago Diaz,santiago.diaz@mail.com,efectivo,31,Mix de Frutos Secos 200g,1,3409,3409,Santiago Diaz,santiago.diaz@mail.com,Alta Gracia,2023-02-08
52,2024-05-10,5,Agustina Flores,agustina.flores@mail.com,tarjeta,83,Queso Untable 190g,2,1830,3660,Agustina Flores,agustina.flores@mail.com,Cordoba,2023-01-05
52,2024-05-10,5,Agustina Flores,agustina.flores@mail.com,tarjeta,9,Yerba Mate Suave 1kg,4,3878,15512,Agustina Flores,agustina.flores@mail.com,Cordoba,2023-01-05
52,2024-05-10,5,Agustina Flores,agustina.flores@mail.com,tarjeta,81,Aceitunas Verdes 200g,5,2520,12600,Agustina Flores,agustina.flores@mail.com,Cordoba,2023-01-05
52,2024-05-10,5,Agustina Flores,agustina.flores@mail.com,tarjeta,38,Mermelada de Frutilla 400g,3,1584,4752,Agustina Flores,agustina.flores@mail.com,Cordoba,2023-01-05
53,2024-01-25,56,Bruno Diaz,bruno.diaz@mail.com,tarjeta,28,Papas Fritas Clásicas 100g,1,936,936,Bruno Diaz,bruno.diaz@mail.com,Rio Cuarto,2023-02-25
54,2024-03-26,1,Mariana Lopez,mariana.lopez@mail.com,tarjeta,65,Cerveza Rubia 1L,1,2423,2423,Mariana Lopez,mariana.lopez@mail.com,Carlos Paz,2023-01-01
54,2024-03-26,1,Mariana Lopez,mariana.lopez@mail.com,tarjeta,18,Queso Rallado 150g,2,3444,6888,Mariana Lopez,mariana.lopez@mail.com,Carlos Paz,2023-01-01
54,2024-03-26,1,Mariana Lopez,mariana.lopez@mail.com,tarjeta,91,Desodorante Aerosol,3,4690,14070,Mariana Lopez,mariana.lopez@mail.com,Carlos Paz,2023-01-01
54,2024-03-26,1,Mariana Lopez,mariana.lopez@mail.com,tarjeta,8,Energética Nitro 500ml,3,4218,12654,Mariana Lopez,mariana.lopez@mail.com,Carlos Paz,2023-01-01
55,2024-01-04,100,Agustina Lopez,agustina.lopez@mail.com,qr,39,Helado Vainilla 1L,4,469,1876,Agustina Lopez,agustina.lopez@mail.com,Cordoba,2023-04-10
56,2024-06-14,15,Tomas Ruiz,tomas.ruiz@mail.com,qr,18,Queso Rallado 150g,5,3444,17220,Tomas Ruiz,tomas.ruiz@mail.com,Cordoba,2023-01-15
57,2024-01-10,34,Bruno Castro,bruno.castro2@mail.com,efectivo,31,Mix de Frutos Secos 200g,3,3409,10227,Bruno Castro,bruno.castro2@mail.com,Villa Maria,2023-02-03
57,2024-01-10,34,Bruno Castro,bruno.castro2@mail.com,efectivo,41,Aceite de Girasol 1L,4,860,3440,Bruno Castro,bruno.castro2@mail.com,Villa Maria,2023-02-03
57,2024-01-10,34,Bruno Castro,bruno.castro2@mail.com,efectivo,9,Yerba Mate Suave 1kg,5,3878,19390,Bruno Castro,bruno.castro2@mail.com,Villa Maria,2023-02-03
57,2024-01-10,34,Bruno Castro,bruno.castro2@mail.com,efectivo,76,Pizza Congelada Muzzarella,3,4286,12858,Bruno Castro,bruno.castro2@mail.com,Villa Maria,2023-02-03
57,2024-01-10,34,Bruno Castro,bruno.castro2@mail.com,efectivo,98,Desengrasante 500ml,4,2843,11372,Bruno Castro,bruno.castro2@mail.com,Villa Maria,2023-02-03
58,2024-02-04,48,Rocio Alvarez,rocio.alvarez@mail.com,transferencia,43,Salsa de Tomate 500g,2,887,1774,Rocio Alvarez,rocio.alvarez@mail.com,Cordoba,2023-02-17
58,2024-02-04,48,Rocio Alvarez,rocio.alvarez@mail.com,transferencia,11,Café Molido 250g,1,2053,2053,Rocio Alvarez,rocio.alvarez@mail.com,Cordoba,2023-02-17
59,2024-04-28,62,Guadalupe Romero,guadalupe.romero@mail.com,tarjeta,31,Mix de Frutos Secos 200g,1,3409,3409,Guadalupe Romero,guadalupe.romero@mail.com,Carlos Paz,2023-03-03
59,2024-04-28,62,Guadalupe Romero,guadalupe.romero@mail.com,tarjeta,8,Energética Nitro 500ml,2,4218,8436,Guadalupe Romero,guadalupe.romero@mail.com,Carlos Paz,2023-03-03
59,2024-04-28,62,Guadalupe Romero,guadalupe.romero@mail.com,tarjeta,97,Limpiavidrios 500ml,5,872,4360,Guadalupe Romero,guadalupe.romero@mail.com,Carlos Paz,2023-03-03
60,2024-04-04,81,Camila Ruiz,camila.ruiz@mail.com,transferencia,43,Salsa de Tomate 500g,1,887,887,Camila Ruiz,camila.ruiz@mail.com,Carlos Paz,2023-03-22
60,2024-04-04,81,Camila Ruiz,camila.ruiz@mail.com,transferencia,98,Desengrasante 500ml,3,2843,8529,Camila Ruiz,camila.ruiz@mail.com,Carlos Paz,2023-03-22
60,2024-04-04,81,Camila Ruiz,camila.ruiz@mail.com,transferencia,15,Leche Descremada 1L,1,2538,2538,Camila Ruiz,camila.ruiz@mail.com,Carlos Paz,2023-03-22
60,2024-04-04,81,Camila Ruiz,camila.ruiz@mail.com,transferencia,21,Pan Lactal Integral,2,272,544,Camila Ruiz,camila.ruiz@mail.com,Carlos Paz,2023-03-22
60,2024-04-04,81,Camila Ruiz,camila.ruiz@mail.com,transferencia,91,Desodorante Aerosol,4,4690,18760,Camila Ruiz,camila.ruiz@mail.com,Carlos Paz,2023-03-22
61,2024-06-01,27,Tomas Castro,tomas.castro@mail.com,efectivo,9,Yerba Mate Suave 1kg,3,3878,11634,Tomas Castro,tomas.castro@mail.com,Rio Cuarto,2023-01-27
61,2024-06-01,27,Tomas Castro,tomas.castro@mail.com,efectivo,19,Manteca 200g,3,3251,9753,Tomas Castro,tomas.castro@mail.com,Rio Cuarto,2023-01-27
62,2024-05-01,100,Agustina Lopez,agustina.lopez@mail.com,transferencia,47,Garbanzos 500g,4,2939,11756,Agustina Lopez,agustina.lopez@mail.com,Cordoba,2023-04-10
62,2024-05-01,100,Agustina Lopez,agustina.lopez@mail.com,transferencia,95,Mascarilla Capilar,3,1581,4743,Agustina Lopez,agustina.lopez@mail.com,Cordoba,2023-04-10
63,2024-06-19,25,Karina Castro,karina.castro@mail.com,tarjeta,8,Energética Nitro 500ml,5,4218,21090,Karina Castro,karina.castro@mail.com,Rio Cuarto,2023-01-25
63,2024-06-19,25,Karina Castro,karina.castro@mail.com,tarjeta,2,Pepsi 1.5L,2,4973,9946,Karina Castro,karina.castro@mail.com,Rio Cuarto,2023-01-25
63,2024-06-19,25,Karina Castro,karina.castro@mail.com,tarjeta,70,Fernet 750ml,3,4061,12183,Karina Castro,karina.castro@mail.com,Rio Cuarto,2023-01-25
63,2024-06-19,25,Karina Castro,karina.castro@mail.com,tarjeta,45,Fideos Spaghetti 500g,4,745,2980,Karina Castro,karina.castro@mail.com,Rio Cuarto,2023-01-25
64,2024-03-07,58,Karina Acosta,karina.acosta2@mail.com,qr,4,Fanta Naranja 1.5L,2,2033,4066,Karina Acosta,karina.acosta2@mail.com,Rio Cuarto,2023-02-27
64,2024-03-07,58,Karina Acosta,karina.acosta2@mail.com,qr,41,Aceite de Girasol 1L,2,860,1720,Karina Acosta,karina.acosta2@mail.com,Rio Cuarto,2023-02-27
65,2024-04-30,30,Ivana Medina,ivana.medina@mail.com,qr,77,Empanadas Congeladas,4,4778,19112,Ivana Medina,ivana.medina@mail.com,Alta Gracia,2023-01-30
65,2024-04-30,30,Ivana Medina,ivana.medina@mail.com,qr,22,Medialunas de Manteca,3,2069,6207,Ivana Medina,ivana.medina@mail.com,Alta Gracia,2023-01-30
65,2024-04-30,30,Ivana Medina,ivana.medina@mail.com,qr,38,Mermelada de Frutilla 400g,5,1584,7920,Ivana Medina,ivana.medina@mail.com,Alta Gracia,2023-01-30
65,2024-04-30,30,Ivana Medina,ivana.medina@mail.com,qr,36,Dulce de Leche 400g,4,2559,10236,Ivana Medina,ivana.medina@mail.com,Alta Gracia,2023-01-30
66,2024-03-14,69,Felipe Flores,felipe.flores@mail.com,qr,16,Yogur Natural 200g,3,4613,13839,Felipe Flores,felipe.flores@mail.com,Rio Cuarto,2023-03-10
67,2024-03-21,66,Tomas Herrera,tomas.herrera@mail.com,efectivo,53,Lavandina 1L,1,1664,1664,Tomas Herrera,tomas.herrera@mail.com,Villa Maria,2023-03-07
67,2024-03-21,66,Tomas Herrera,tomas.herrera@mail.com,efectivo,8,Energética Nitro 500ml,2,4218,8436,Tomas Herrera,tomas.herrera@mail.com,Villa Maria,2023-03-07
68,2024-06-28,27,Tomas Castro,tomas.castro@mail.com,qr,94,Hilo Dental,4,1418,5672,Tomas Castro,tomas.castro@mail.com,Rio Cuarto,2023-01-27
69,2024-01-06,42,Tomas Flores,tomas.flores@mail.com,qr,76,Pizza Congelada Muzzarella,4,4286,17144,Tomas Flores,tomas.flores@mail.com,Alta Gracia,2023-02-11
69,2024-01-06,42,Tomas Flores,tomas.flores@mail.com,qr,74,Whisky 750ml,3,2953,8859,Tomas Flores,tomas.flores@mail.com,Alta Gracia,2023-02-11
70,2024-02-02,41,Elena Rodriguez,elena.rodriguez2@mail.com,transferencia,66,Cerveza Negra 1L,3,1533,4599,Elena Rodriguez,elena.rodriguez2@mail.com,Alta Gracia,2023-02-10
70,2024-02-02,41,Elena Rodriguez,elena.rodriguez2@mail.com,transferencia,89,Caldo Concentrado Verdura,4,1003,4012,Elena Rodriguez,elena.rodriguez2@mail.com,Alta Gracia,2023-02-10
70,2024-02-02,41,Elena Rodriguez,elena.rodriguez2@mail.com,transferencia,38,Mermelada de Frutilla 400g,3,1584,4752,Elena Rodriguez,elena.rodriguez2@mail.com,Alta Gracia,2023-02-10
71,2024-06-02,40,Felipe Diaz,felipe.diaz@mail.com,qr,11,Café Molido 250g,3,2053,6159,Felipe Diaz,felipe.diaz@mail.com,Rio Cuarto,2023-02-09
71,2024-06-02,40,Felipe Diaz,felipe.diaz@mail.com,qr,79,Hamburguesas Congeladas x4,4,2420,9680,Felipe Diaz,felipe.diaz@mail.com,Rio Cuarto,2023-02-09
71,2024-06-02,40,Felipe Diaz,felipe.diaz@mail.com,qr,100,Trapo de Piso,4,4854,19416,Felipe Diaz,felipe.diaz@mail.com,Rio Cuarto,2023-02-09
71,2024-06-02,40,Felipe Diaz,felipe.diaz@mail.com,qr,92,Crema Dental 90g,1,2512,2512,Felipe Diaz,felipe.diaz@mail.com,Rio Cuarto,2023-02-09
72,2024-02-17,26,Camila Sanchez,camila.sanchez@mail.com,qr,94,Hilo Dental,3,1418,4254,Camila Sanchez,camila.sanchez@mail.com,Alta Gracia,2023-01-26
72,2024-02-17,26,Camila Sanchez,camila.sanchez@mail.com,qr,41,Aceite de Girasol 1L,4,860,3440,Camila Sanchez,camila.sanchez@mail.com,Alta Gracia,2023-01-26
72,2024-02-17,26,Camila Sanchez,camila.sanchez@mail.com,qr,51,Sal Fina 500g,2,1745,3490,Camila Sanchez,camila.sanchez@mail.com,Alta Gracia,2023-01-26
73,2024-05-16,42,Tomas Flores,tomas.flores@mail.com,transferencia,28,Papas Fritas Clásicas 100g,1,936,936,Tomas Flores,tomas.flores@mail.com,Alta Gracia,2023-02-11
73,2024-05-16,42,Tomas Flores,tomas.flores@mail.com,transferencia,24,Galletitas Chocolate,3,1305,3915,Tomas Flores,tomas.flores@mail.com,Alta Gracia,2023-02-11
73,2024-05-16,42,Tomas Flores,tomas.flores@mail.com,transferencia,19,Manteca 200g,1,3251,3251,Tomas Flores,tomas.flores@mail.com,Alta Gracia,2023-02-11
74,2024-04-26,56,Bruno Diaz,bruno.diaz@mail.com,efectivo,32,Chocolate Amargo 100g,3,2234,6702,Bruno Diaz,bruno.diaz@mail.com,Rio Cuarto,2023-02-25
74,2024-04-26,56,Bruno Diaz,bruno.diaz@mail.com,efectivo,14,Leche Entera 1L,2,1723,3446,Bruno Diaz,bruno.diaz@mail.com,Rio Cuarto,2023-02-25
74,2024-04-26,56,Bruno Diaz,bruno.diaz@mail.com,efectivo,55,Shampoo 400ml,2,1407,2814,Bruno Diaz,bruno.diaz@mail.com,Rio Cuarto,2023-02-25
75,2024-05-23,61,Guadalupe Martinez,guadalupe.martinez@mail.com,qr,3,Sprite 1.5L,4,4964,19856,Guadalupe Martinez,guadalupe.martinez@mail.com,Rio Cuarto,2023-03-02
75,2024-05-23,61,Guadalupe Martinez,guadalupe.martinez@mail.com,qr,2,Pepsi 1.5L,5,4973,24865,Guadalupe Martinez,guadalupe.martinez@mail.com,Rio Cuarto,2023-03-02
76,2024-05-15,75,Santiago Castro,santiago.castro@mail.com,tarjeta,22,Medialunas de Manteca,4,2069,8276,Santiago Castro,santiago.castro@mail.com,Rio Cuarto,2023-03-16
76,2024-05-15,75,Santiago Castro,santiago.castro@mail.com,tarjeta,23,Bizcochos Salados,4,2380,9520,Santiago Castro,santiago.castro@mail.com,Rio Cuarto,2023-03-16
76,2024-05-15,75,Santiago Castro,santiago.castro@mail.com,tarjeta,24,Galletitas Chocolate,1,1305,1305,Santiago Castro,santiago.castro@mail.com,Rio Cuarto,2023-03-16
76,2024-05-15,75,Santiago Castro,santiago.castro@mail.com,tarjeta,11,Café Molido 250g,2,2053,4106,Santiago Castro,santiago.castro@mail.com,Rio Cuarto,2023-03-16
77,2024-05-26,55,Olivia Ruiz,olivia.ruiz@mail.com,tarjeta,53,Lavandina 1L,2,1664,3328,Olivia Ruiz,olivia.ruiz@mail.com,Mendiolaza,2023-02-24
77,2024-05-26,55,Olivia Ruiz,olivia.ruiz@mail.com,tarjeta,41,Aceite de Girasol 1L,1,860,860,Olivia Ruiz,olivia.ruiz@mail.com,Mendiolaza,2023-02-24
77,2024-05-26,55,Olivia Ruiz,olivia.ruiz@mail.com,tarjeta,34,Turrón 50g,5,503,2515,Olivia Ruiz,olivia.ruiz@mail.com,Mendiolaza,2023-02-24
77,2024-05-26,55,Olivia Ruiz,olivia.ruiz@mail.com,tarjeta,98,Desengrasante 500ml,2,2843,5686,Olivia Ruiz,olivia.ruiz@mail.com,Mendiolaza,2023-02-24
77,2024-05-26,55,Olivia Ruiz,olivia.ruiz@mail.com,tarjeta,39,Helado Vainilla 1L,2,469,938,Olivia Ruiz,olivia.ruiz@mail.com,Mendiolaza,2023-02-24
78,2024-04-29,12,Gael Gomez,gael.gomez@mail.com,qr,37,Mermelada de Durazno 400g,3,3196,9588,Gael Gomez,gael.gomez@mail.com,Alta Gracia,2023-01-12
78,2024-04-29,12,Gael Gomez,gael.gomez@mail.com,qr,79,Hamburguesas Congeladas x4,5,2420,12100,Gael Gomez,gael.gomez@mail.com,Alta Gracia,2023-01-12
78,2024-04-29,12,Gael Gomez,gael.gomez@mail.com,qr,17,Queso Cremoso 500g,2,4834,9668,Gael Gomez,gael.gomez@mail.com,Alta Gracia,2023-01-12
78,2024-04-29,12,Gael Gomez,gael.gomez@mail.com,qr,85,Jugo en Polvo Naranja,1,1856,1856,Gael Gomez,gael.gomez@mail.com,Alta Gracia,2023-01-12
78,2024-04-29,12,Gael Gomez,gael.gomez@mail.com,qr,39,Helado Vainilla 1L,2,469,938,Gael Gomez,gael.gomez@mail.com,Alta Gracia,2023-01-12
79,2024-06-06,57,Julian Acosta,julian.acosta@mail.com,qr,81,Aceitunas Verdes 200g,2,2520,5040,Julian Acosta,julian.acosta@mail.com,Rio Cuarto,2023-02-26
79,2024-06-06,57,Julian Acosta,julian.acosta@mail.com,qr,56,Papel Higiénico x4,2,2532,5064,Julian Acosta,julian.acosta@mail.com,Rio Cuarto,2023-02-26
80,2024-03-25,54,Uma Herrera,uma.herrera@mail.com,efectivo,39,Helado Vainilla 1L,5,469,2345,Uma Herrera,uma.herrera@mail.com,Alta Gracia,2023-02-23
80,2024-03-25,54,Uma Herrera,uma.herrera@mail.com,efectivo,30,Maní Salado 200g,3,4875,14625,Uma Herrera,uma.herrera@mail.com,Alta Gracia,2023-02-23
80,2024-03-25,54,Uma Herrera,uma.herrera@mail.com,efectivo,41,Aceite de Girasol 1L,5,860,4300,Uma Herrera,uma.herrera@mail.com,Alta Gracia,2023-02-23
81,2024-03-09,49,Olivia Gomez,olivia.gomez@mail.com,transferencia,10,Yerba Mate Intensa 1kg,2,4883,9766,Olivia Gomez,olivia.gomez@mail.com,Rio Cuarto,2023-02-18
82,2024-01-25,19,Uma Silva,uma.silva@mail.com,tarjeta,38,Mermelada de Frutilla 400g,1,1584,1584,Uma Silva,uma.silva@mail.com,Mendiolaza,2023-01-19
82,2024-01-25,19,Uma Silva,uma.silva@mail.com,tarjeta,28,Papas Fritas Clásicas 100g,2,936,1872,Uma Silva,uma.silva@mail.com,Mendiolaza,2023-01-19
82,2024-01-25,19,Uma Silva,uma.silva@mail.com,tarjeta,29,Papas Fritas Onduladas 100g,5,1868,9340,Uma Silva,uma.silva@mail.com,Mendiolaza,2023-01-19
82,2024-01-25,19,Uma Silva,uma.silva@mail.com,tarjeta,82,Aceitunas Negras 200g,2,2394,4788,Uma Silva,uma.silva@mail.com,Mendiolaza,2023-01-19
83,2024-05-28,91,Uma Sanchez,uma.sanchez@mail.com,efectivo,5,Agua Mineral 500ml,2,4777,9554,Uma Sanchez,uma.sanchez@mail.com,Mendiolaza,2023-04-01
83,2024-05-28,91,Uma Sanchez,uma.sanchez@mail.com,efectivo,26,Alfajor Triple,2,1001,2002,Uma Sanchez,uma.sanchez@mail.com,Mendiolaza,2023-04-01
83,2024-05-28,91,Uma Sanchez,uma.sanchez@mail.com,efectivo,73,Gin 700ml,5,1561,7805,Uma Sanchez,uma.sanchez@mail.com,Mendiolaza,2023-04-01
83,2024-05-28,91,Uma Sanchez,uma.sanchez@mail.com,efectivo,51,Sal Fina 500g,2,1745,3490,Uma Sanchez,uma.sanchez@mail.com,Mendiolaza,2023-04-01
84,2024-01-02,72,Camila Rodriguez,camila.rodriguez@mail.com,efectivo,83,Queso Untable 190g,5,1830,9150,Camila Rodriguez,camila.rodriguez@mail.com,Cordoba,2023-03-13
84,2024-01-02,72,Camila Rodriguez,camila.rodriguez@mail.com,efectivo,76,Pizza Congelada Muzzarella,4,4286,17144,Camila Rodriguez,camila.rodriguez@mail.com,Cordoba,2023-03-13
85,2024-01-23,42,Tomas Flores,tomas.flores@mail.com,transferencia,32,Chocolate Amargo 100g,4,2234,8936,Tomas Flores,tomas.flores@mail.com,Alta Gracia,2023-02-11
85,2024-01-23,42,Tomas Flores,tomas.flores@mail.com,transferencia,80,Helado de Frutilla 1L,2,1981,3962,Tomas Flores,tomas.flores@mail.com,Alta Gracia,2023-02-11
86,2024-01-10,40,Felipe Diaz,felipe.diaz@mail.com,efectivo,66,Cerveza Negra 1L,2,1533,3066,Felipe Diaz,felipe.diaz@mail.com,Rio Cuarto,2023-02-09
86,2024-01-10,40,Felipe Diaz,felipe.diaz@mail.com,efectivo,1,Coca Cola 1.5L,4,2347,9388,Felipe Diaz,felipe.diaz@mail.com,Rio Cuarto,2023-02-09
86,2024-01-10,40,Felipe Diaz,felipe.diaz@mail.com,efectivo,13,Té Verde 20 saquitos,5,2383,11915,Felipe Diaz,felipe.diaz@mail.com,Rio Cuarto,2023-02-09
86,2024-01-10,40,Felipe Diaz,felipe.diaz@mail.com,efectivo,41,Aceite de Girasol 1L,3,860,2580,Felipe Diaz,felipe.diaz@mail.com,Rio Cuarto,2023-02-09
87,2024-04-20,100,Agustina Lopez,agustina.lopez@mail.com,qr,53,Lavandina 1L,2,1664,3328,Agustina Lopez,agustina.lopez@mail.com,Cordoba,2023-04-10
87,2024-04-20,100,Agustina Lopez,agustina.lopez@mail.com,qr,86,Jugo en Polvo Limón,2,4090,8180,Agustina Lopez,agustina.lopez@mail.com,Cordoba,2023-04-10
88,2024-06-21,37,Martina Perez,martina.perez@mail.com,efectivo,7,Jugo de Manzana 1L,5,3269,16345,Martina Perez,martina.perez@mail.com,Mendiolaza,2023-02-06
88,2024-06-21,37,Martina Perez,martina.perez@mail.com,efectivo,53,Lavandina 1L,5,1664,8320,Martina Perez,martina.perez@mail.com,Mendiolaza,2023-02-06
88,2024-06-21,37,Martina Perez,martina.perez@mail.com,efectivo,8,Energética Nitro 500ml,4,4218,16872,Martina Perez,martina.perez@mail.com,Mendiolaza,2023-02-06
89,2024-01-18,17,Pablo Gomez,pablo.gomez@mail.com,tarjeta,72,Ron 700ml,2,3876,7752,Pablo Gomez,pablo.gomez@mail.com,Villa Maria,2023-01-17
90,2024-01-08,46,Agustina Martinez,agustina.martinez@mail.com,qr,79,Hamburguesas Congeladas x4,4,2420,9680,Agustina Martinez,agustina.martinez@mail.com,Alta Gracia,2023-02-15
90,2024-01-08,46,Agustina Martinez,agustina.martinez@mail.com,qr,6,Jugo de Naranja 1L,2,4170,8340,Agustina Martinez,agustina.martinez@mail.com,Alta Gracia,2023-02-15
91,2024-02-19,39,Santiago Diaz,santiago.diaz@mail.com,efectivo,57,Servilletas x100,3,4520,13560,Santiago Diaz,santiago.diaz@mail.com,Alta Gracia,2023-02-08
92,2024-02-09,42,Tomas Flores,tomas.flores@mail.com,transferencia,10,Yerba Mate Intensa 1kg,2,4883,9766,Tomas Flores,tomas.flores@mail.com,Alta Gracia,2023-02-11
92,2024-02-09,42,Tomas Flores,tomas.flores@mail.com,transferencia,43,Salsa de Tomate 500g,4,887,3548,Tomas Flores,tomas.flores@mail.com,Alta Gracia,2023-02-11
93,2024-01-29,90,Guadalupe Ruiz,guadalupe.ruiz@mail.com,efectivo,80,Helado de Frutilla 1L,4,1981,7924,Guadalupe Ruiz,guadalupe.ruiz@mail.com,Rio Cuarto,2023-03-31
93,2024-01-29,90,Guadalupe Ruiz,guadalupe.ruiz@mail.com,efectivo,66,Cerveza Negra 1L,3,1533,4599,Guadalupe Ruiz,guadalupe.ruiz@mail.com,Rio Cuarto,2023-03-31
93,2024-01-29,90,Guadalupe Ruiz,guadalupe.ruiz@mail.com,efectivo,91,Desodorante Aerosol,3,4690,14070,Guadalupe Ruiz,guadalupe.ruiz@mail.com,Rio Cuarto,2023-03-31
94,2024-03-06,41,Elena Rodriguez,elena.rodriguez2@mail.com,qr,24,Galletitas Chocolate,1,1305,1305,Elena Rodriguez,elena.rodriguez2@mail.com,Alta Gracia,2023-02-10
94,2024-03-06,41,Elena Rodriguez,elena.rodriguez2@mail.com,qr,86,Jugo en Polvo Limón,5,4090,20450,Elena Rodriguez,elena.rodriguez2@mail.com,Alta Gracia,2023-02-10
94,2024-03-06,41,Elena Rodriguez,elena.rodriguez2@mail.com,qr,98,Desengrasante 500ml,2,2843,5686,Elena Rodriguez,elena.rodriguez2@mail.com,Alta Gracia,2023-02-10
95,2024-02-25,26,Camila Sanchez,camila.sanchez@mail.com,qr,72,Ron 700ml,5,3876,19380,Camila Sanchez,camila.sanchez@mail.com,Alta Gracia,2023-01-26
95,2024-02-25,26,Camila Sanchez,camila.sanchez@mail.com,qr,12,Té Negro 20 saquitos,1,570,570,Camila Sanchez,camila.sanchez@mail.com,Alta Gracia,2023-01-26
96,2024-02-23,83,Franco Gomez,franco.gomez@mail.com,tarjeta,81,Aceitunas Verdes 200g,3,2520,7560,Franco Gomez,franco.gomez@mail.com,Rio Cuarto,2023-03-24
96,2024-02-23,83,Franco Gomez,franco.gomez@mail.com,tarjeta,68,Vino Blanco 750ml,1,2684,2684,Franco Gomez,franco.gomez@mail.com,Rio Cuarto,2023-03-24
96,2024-02-23,83,Franco Gomez,franco.gomez@mail.com,tarjeta,11,Café Molido 250g,2,2053,4106,Franco Gomez,franco.gomez@mail.com,Rio Cuarto,2023-03-24
96,2024-02-23,83,Franco Gomez,franco.gomez@mail.com,tarjeta,50,Azúcar 1kg,3,727,2181,Franco Gomez,franco.gomez@mail.com,Rio Cuarto,2023-03-24
97,2024-06-16,39,Santiago Diaz,santiago.diaz@mail.com,efectivo,59,Chicle Menta,5,3612,18060,Santiago Diaz,santiago.diaz@mail.com,Alta Gracia,2023-02-08
97,2024-06-16,39,Santiago Diaz,santiago.diaz@mail.com,efectivo,36,Dulce de Leche 400g,1,2559,2559,Santiago Diaz,santiago.diaz@mail.com,Alta Gracia,2023-02-08
97,2024-06-16,39,Santiago Diaz,santiago.diaz@mail.com,efectivo,4,Fanta Naranja 1.5L,3,2033,6099,Santiago Diaz,santiago.diaz@mail.com,Alta Gracia,2023-02-08
98,2024-01-12,43,Lucas Perez,lucas.perez@mail.com,transferencia,28,Papas Fritas Clásicas 100g,4,936,3744,Lucas Perez,lucas.perez@mail.com,Mendiolaza,2023-02-12
98,2024-01-12,43,Lucas Perez,lucas.perez@mail.com,transferencia,61,Miel Pura 250g,1,4982,4982,Lucas Perez,lucas.perez@mail.com,Mendiolaza,2023-02-12
98,2024-01-12,43,Lucas Perez,lucas.perez@mail.com,transferencia,29,Papas Fritas Onduladas 100g,1,1868,1868,Lucas Perez,lucas.perez@mail.com,Mendiolaza,2023-02-12
98,2024-01-12,43,Lucas Perez,lucas.perez@mail.com,transferencia,83,Queso Untable 190g,3,1830,5490,Lucas Perez,lucas.perez@mail.com,Mendiolaza,2023-02-12
99,2024-03-13,51,Agustina Gomez,agustina.gomez@mail.com,transferencia,40,Helado Chocolate 1L,5,1215,6075,Agustina Gomez,agustina.gomez@mail.com,Rio Cuarto,2023-02-20
100,2024-06-08,69,Felipe Flores,felipe.flores@mail.com,qr,13,Té Verde 20 saquitos,3,2383,7149,Felipe Flores,felipe.flores@mail.com,Rio Cuarto,2023-03-10
100,2024-06-08,69,Felipe Flores,felipe.flores@mail.com,qr,18,Queso Rallado 150g,4,3444,13776,Felipe Flores,felipe.flores@mail.com,Rio Cuarto,2023-03-10
100,2024-06-08,69,Felipe Flores,felipe.flores@mail.com,qr,58,Caramelos Masticables,2,4752,9504,Felipe Flores,felipe.flores@mail.com,Rio Cuarto,2023-03-10
100,2024-06-08,69,Felipe Flores,felipe.flores@mail.com,qr,57,Servilletas x100,1,4520,4520,Felipe Flores,felipe.flores@mail.com,Rio Cuarto,2023-03-10
100,2024-06-08,69,Felipe Flores,felipe.flores@mail.com,qr,9,Yerba Mate Suave 1kg,4,3878,15512,Felipe Flores,felipe.flores@mail.com,Rio Cuarto,2023-03-10
101,2024-03-28,72,Camila Rodriguez,camila.rodriguez@mail.com,efectivo,34,Turrón 50g,4,503,2012,Camila Rodriguez,camila.rodriguez@mail.com,Cordoba,2023-03-13
102,2024-03-29,18,Ivana Torres,ivana.torres@mail.com,efectivo,78,Verduras Congeladas Mix,3,4289,12867,Ivana Torres,ivana.torres@mail.com,Carlos Paz,2023-01-18
102,2024-03-29,18,Ivana Torres,ivana.torres@mail.com,efectivo,36,Dulce de Leche 400g,3,2559,7677,Ivana Torres,ivana.torres@mail.com,Carlos Paz,2023-01-18
103,2024-03-11,39,Santiago Diaz,santiago.diaz@mail.com,efectivo,79,Hamburguesas Congeladas x4,5,2420,12100,Santiago Diaz,santiago.diaz@mail.com,Alta Gracia,2023-02-08
103,2024-03-11,39,Santiago Diaz,santiago.diaz@mail.com,efectivo,43,Salsa de Tomate 500g,5,887,4435,Santiago Diaz,santiago.diaz@mail.com,Alta Gracia,2023-02-08
103,2024-03-11,39,Santiago Diaz,santiago.diaz@mail.com,efectivo,34,Turrón 50g,1,503,503,Santiago Diaz,santiago.diaz@mail.com,Alta Gracia,2023-02-08
103,2024-03-11,39,Santiago Diaz,santiago.diaz@mail.com,efectivo,70,Fernet 750ml,1,4061,4061,Santiago Diaz,santiago.diaz@mail.com,Alta Gracia,2023-02-08
104,2024-06-17,86,Diego Torres,diego.torres@mail.com,qr,95,Mascarilla Capilar,2,1581,3162,Diego Torres,diego.torres@mail.com,Cordoba,2023-03-27
104,2024-06-17,86,Diego Torres,diego.torres@mail.com,qr,68,Vino Blanco 750ml,3,2684,8052,Diego Torres,diego.torres@mail.com,Cordoba,2023-03-27
104,2024-06-17,86,Diego Torres,diego.torres@mail.com,qr,68,Vino Blanco 750ml,5,2684,13420,Diego Torres,diego.torres@mail.com,Cordoba,2023-03-27
105,2024-02-06,1,Mariana Lopez,mariana.lopez@mail.com,transferencia,13,Té Verde 20 saquitos,2,2383,4766,Mariana Lopez,mariana.lopez@mail.com,Carlos Paz,2023-01-01
105,2024-02-06,1,Mariana Lopez,mariana.lopez@mail.com,transferencia,4,Fanta Naranja 1.5L,4,2033,8132,Mariana Lopez,mariana.lopez@mail.com,Carlos Paz,2023-01-01
105,2024-02-06,1,Mariana Lopez,mariana.lopez@mail.com,transferencia,58,Caramelos Masticables,2,4752,9504,Mariana Lopez,mariana.lopez@mail.com,Carlos Paz,2023-01-01
105,2024-02-06,1,Mariana Lopez,mariana.lopez@mail.com,transferencia,82,Aceitunas Negras 200g,4,2394,9576,Mariana Lopez,mariana.lopez@mail.com,Carlos Paz,2023-01-01
105,2024-02-06,1,Mariana Lopez,mariana.lopez@mail.com,transferencia,43,Salsa de Tomate 500g,5,887,4435,Mariana Lopez,mariana.lopez@mail.com,Carlos Paz,2023-01-01
106,2024-03-24,82,Lucas Lopez,lucas.lopez@mail.com,transferencia,88,Caldo Concentrado Carne,3,2570,7710,Lucas Lopez,lucas.lopez@mail.com,Alta Gracia,2023-03-23
107,2024-05-21,14,Gael Martinez,gael.martinez@mail.com,efectivo,7,Jugo de Manzana 1L,4,3269,13076,Gael Martinez,gael.martinez@mail.com,Carlos Paz,2023-01-14
107,2024-05-21,14,Gael Martinez,gael.martinez@mail.com,efectivo,11,Café Molido 250g,2,2053,4106,Gael Martinez,gael.martinez@mail.com,Carlos Paz,2023-01-14
107,2024-05-21,14,Gael Martinez,gael.martinez@mail.com,efectivo,12,Té Negro 20 saquitos,4,570,2280,Gael Martinez,gael.martinez@mail.com,Carlos Paz,2023-01-14
107,2024-05-21,14,Gael Martinez,gael.martinez@mail.com,efectivo,5,Agua Mineral 500ml,4,4777,19108,Gael Martinez,gael.martinez@mail.com,Carlos Paz,2023-01-14
108,2024-03-25,9,Yamila Molina,yamila.molina@mail.com,tarjeta,90,Toallas Húmedas x50,4,2902,11608,Yamila Molina,yamila.molina@mail.com,Carlos Paz,2023-01-09
109,2024-06-04,64,Julian Alvarez,julian.alvarez@mail.com,transferencia,18,Queso Rallado 150g,1,3444,3444,Julian Alvarez,julian.alvarez@mail.com,Villa Maria,2023-03-05
109,2024-06-04,64,Julian Alvarez,julian.alvarez@mail.com,transferencia,74,Whisky 750ml,1,2953,2953,Julian Alvarez,julian.alvarez@mail.com,Villa Maria,2023-03-05
109,2024-06-04,64,Julian Alvarez,julian.alvarez@mail.com,transferencia,20,Pan Lactal Blanco,2,1571,3142,Julian Alvarez,julian.alvarez@mail.com,Villa Maria,2023-03-05
109,2024-06-04,64,Julian Alvarez,julian.alvarez@mail.com,transferencia,44,Arroz Largo Fino 1kg,5,2979,14895,Julian Alvarez,julian.alvarez@mail.com,Villa Maria,2023-03-05
110,2024-05-19,92,Mariana Rodriguez,mariana.rodriguez@mail.com,efectivo,6,Jugo de Naranja 1L,1,4170,4170,Mariana Rodriguez,mariana.rodriguez@mail.com,Alta Gracia,2023-04-02
110,2024-05-19,92,Mariana Rodriguez,mariana.rodriguez@mail.com,efectivo,59,Chicle Menta,3,3612,10836,Mariana Rodriguez,mariana.rodriguez@mail.com,Alta Gracia,2023-04-02
110,2024-05-19,92,Mariana Rodriguez,mariana.rodriguez@mail.com,efectivo,6,Jugo de Naranja 1L,5,4170,20850,Mariana Rodriguez,mariana.rodriguez@mail.com,Alta Gracia,2023-04-02
111,2024-02-12,48,Rocio Alvarez,rocio.alvarez@mail.com,efectivo,97,Limpiavidrios 500ml,4,872,3488,Rocio Alvarez,rocio.alvarez@mail.com,Cordoba,2023-02-17
111,2024-02-12,48,Rocio Alvarez,rocio.alvarez@mail.com,efectivo,93,Cepillo de Dientes,3,2142,6426,Rocio Alvarez,rocio.alvarez@mail.com,Cordoba,2023-02-17
111,2024-02-12,48,Rocio Alvarez,rocio.alvarez@mail.com,efectivo,20,Pan Lactal Blanco,2,1571,3142,Rocio Alvarez,rocio.alvarez@mail.com,Cordoba,2023-02-17
111,2024-02-12,48,Rocio Alvarez,rocio.alvarez@mail.com,efectivo,23,Bizcochos Salados,4,2380,9520,Rocio Alvarez,rocio.alvarez@mail.com,Cordoba,2023-02-17
112,2024-01-19,28,Rocio Silva,rocio.silva@mail.com,tarjeta,55,Shampoo 400ml,1,1407,1407,Rocio Silva,rocio.silva@mail.com,Cordoba,2023-01-28
112,2024-01-19,28,Rocio Silva,rocio.silva@mail.com,tarjeta,21,Pan Lactal Integral,4,272,1088,Rocio Silva,rocio.silva@mail.com,Cordoba,2023-01-28
112,2024-01-19,28,Rocio Silva,rocio.silva@mail.com,tarjeta,43,Salsa de Tomate 500g,5,887,4435,Rocio Silva,rocio.silva@mail.com,Cordoba,2023-01-28
112,2024-01-19,28,Rocio Silva,rocio.silva@mail.com,tarjeta,13,Té Verde 20 saquitos,2,2383,4766,Rocio Silva,rocio.silva@mail.com,Cordoba,2023-01-28
112,2024-01-19,28,Rocio Silva,rocio.silva@mail.com,tarjeta,59,Chicle Menta,1,3612,3612,Rocio Silva,rocio.silva@mail.com,Cordoba,2023-01-28
113,2024-03-08,98,Camila Castro,camila.castro@mail.com,transferencia,53,Lavandina 1L,2,1664,3328,Camila Castro,camila.castro@mail.com,Cordoba,2023-04-08
113,2024-03-08,98,Camila Castro,camila.castro@mail.com,transferencia,92,Crema Dental 90g,3,2512,7536,Camila Castro,camila.castro@mail.com,Cordoba,2023-04-08
114,2024-05-05,16,Felipe Alvarez,felipe.alvarez@mail.com,qr,8,Energética Nitro 500ml,1,4218,4218,Felipe Alvarez,felipe.alvarez@mail.com,Rio Cuarto,2023-01-16
114,2024-05-05,16,Felipe Alvarez,felipe.alvarez@mail.com,qr,84,Queso Azul 150g,1,1645,1645,Felipe Alvarez,felipe.alvarez@mail.com,Rio Cuarto,2023-01-16
114,2024-05-05,16,Felipe Alvarez,felipe.alvarez@mail.com,qr,10,Yerba Mate Intensa 1kg,1,4883,4883,Felipe Alvarez,felipe.alvarez@mail.com,Rio Cuarto,2023-01-16
114,2024-05-05,16,Felipe Alvarez,felipe.alvarez@mail.com,qr,55,Shampoo 400ml,5,1407,7035,Felipe Alvarez,felipe.alvarez@mail.com,Rio Cuarto,2023-01-16
114,2024-05-05,16,Felipe Alvarez,felipe.alvarez@mail.com,qr,92,Crema Dental 90g,4,2512,10048,Felipe Alvarez,felipe.alvarez@mail.com,Rio Cuarto,2023-01-16
115,2024-02-16,3,Hernan Martinez,hernan.martinez@mail.com,transferencia,17,Queso Cremoso 500g,4,4834,19336,Hernan Martinez,hernan.martinez@mail.com,Rio Cuarto,2023-01-03
115,2024-02-16,3,Hernan Martinez,hernan.martinez@mail.com,transferencia,97,Limpiavidrios 500ml,5,872,4360,Hernan Martinez,hernan.martinez@mail.com,Rio Cuarto,2023-01-03
115,2024-02-16,3,Hernan Martinez,hernan.martinez@mail.com,transferencia,95,Mascarilla Capilar,4,1581,6324,Hernan Martinez,hernan.martinez@mail.com,Rio Cuarto,2023-01-03
115,2024-02-16,3,Hernan Martinez,hernan.martinez@mail.com,transferencia,84,Queso Azul 150g,2,1645,3290,Hernan Martinez,hernan.martinez@mail.com,Rio Cuarto,2023-01-03
116,2024-03-18,25,Karina Castro,karina.castro@mail.com,qr,65,Cerveza Rubia 1L,1,2423,2423,Karina Castro,karina.castro@mail.com,Rio Cuarto,2023-01-25
116,2024-03-18,25,Karina Castro,karina.castro@mail.com,qr,35,Barrita de Cereal 30g,2,4430,8860,Karina Castro,karina.castro@mail.com,Rio Cuarto,2023-01-25
116,2024-03-18,25,Karina Castro,karina.castro@mail.com,qr,42,Vinagre de Alcohol 500ml,4,1195,4780,Karina Castro,karina.castro@mail.com,Rio Cuarto,2023-01-25
116,2024-03-18,25,Karina Castro,karina.castro@mail.com,qr,54,Jabón de Tocador,5,1592,7960,Karina Castro,karina.castro@mail.com,Rio Cuarto,2023-01-25
116,2024-03-18,25,Karina Castro,karina.castro@mail.com,qr,90,Toallas Húmedas x50,4,2902,11608,Karina Castro,karina.castro@mail.com,Rio Cuarto,2023-01-25
117,2024-03-14,72,Camila Rodriguez,camila.rodriguez@mail.com,tarjeta,67,Vino Tinto Malbec 750ml,4,4719,18876,Camila Rodriguez,camila.rodriguez@mail.com,Cordoba,2023-03-13
117,2024-03-14,72,Camila Rodriguez,camila.rodriguez@mail.com,tarjeta,61,Miel Pura 250g,2,4982,9964,Camila Rodriguez,camila.rodriguez@mail.com,Cordoba,2023-03-13
118,2024-02-09,84,Pablo Sanchez,pablo.sanchez@mail.com,efectivo,68,Vino Blanco 750ml,5,2684,13420,Pablo Sanchez,pablo.sanchez@mail.com,Cordoba,2023-03-25
118,2024-02-09,84,Pablo Sanchez,pablo.sanchez@mail.com,efectivo,68,Vino Blanco 750ml,3,2684,8052,Pablo Sanchez,pablo.sanchez@mail.com,Cordoba,2023-03-25
118,2024-02-09,84,Pablo Sanchez,pablo.sanchez@mail.com,efectivo,70,Fernet 750ml,2,4061,8122,Pablo Sanchez,pablo.sanchez@mail.com,Cordoba,2023-03-25
118,2024-02-09,84,Pablo Sanchez,pablo.sanchez@mail.com,efectivo,93,Cepillo de Dientes,3,2142,6426,Pablo Sanchez,pablo.sanchez@mail.com,Cordoba,2023-03-25
118,2024-02-09,84,Pablo Sanchez,pablo.sanchez@mail.com,efectivo,50,Azúcar 1kg,2,727,1454,Pablo Sanchez,pablo.sanchez@mail.com,Cordoba,2023-03-25
119,2024-02-07,51,Agustina Gomez,agustina.gomez@mail.com,qr,45,Fideos Spaghetti 500g,5,745,3725,Agustina Gomez,agustina.gomez@mail.com,Rio Cuarto,2023-02-20
120,2024-04-21,72,Camila Rodriguez,camila.rodriguez@mail.com,tarjeta,20,Pan Lactal Blanco,5,1571,7855,Camila Rodriguez,camila.rodriguez@mail.com,Cordoba,2023-03-13
